        <item name="setprofile_***">
            <steps>
                <item guid="1fc34b90-32e8-4f23-9263-812d15d6569c" action="eval">
                    <command>
                        <body>set retval 0</body>
                    </command>
                    <applicationProperties type="com.fnfr.svt.documents.EmptyPropertyGroup"/>
                    <useFieldsInCommand>false</useFieldsInCommand>
                </item>
                <item guid="98c28f1a-bf5c-46e6-a3ad-53eb55aa3f5b" action="unbondPorts" session="$session">
                    <command>
                        <body>-card_port_num $card_port_num</body>
                    </command>
                    <postProcessing>
                        <analysisRules>
                            <item>
                                <extractorInfo extractorType="contains">
                                    <extractorProperties type="com.fnfr.svt.mapping.execution.extractors.ExtractorContainsPropertyGroup">
                                        <searchString>1</searchString>
                                    </extractorProperties>
                                </extractorInfo>
                                <processorInfo ruleType="assert">
                                    <ruleProperties type="com.fnfr.svt.execution.builtin.processors.AssertionPropertyGroup">
                                        <expression>$value == 1</expression>
                                        <actionsWhenTrue>
                                            <item actionId="Eval">
                                                <actionProperties type="com.fnfr.svt.execution.builtin.actions.EvalActionPropertyGroup">
                                                    <statement>set retval 1</statement>
                                                </actionProperties>
                                            </item>
                                        </actionsWhenTrue>
                                    </ruleProperties>
                                </processorInfo>
                            </item>
                        </analysisRules>
                    </postProcessing>
                    <applicationProperties type="com.fnfr.svt.editors.terminal.documents.StepDefaultProperties"/>
                    <useFieldsInCommand>false</useFieldsInCommand>
                </item>
                <item guid="f2d0e7e3-04fe-4966-b891-dd010c9c798b" action="removeCrossConnect" session="$session">
                    <command>
                        <body>-card_port_num $card_port_num</body>
                    </command>
                    <postProcessing>
                        <analysisRules>
                            <item>
                                <extractorInfo extractorType="contains">
                                    <extractorProperties type="com.fnfr.svt.mapping.execution.extractors.ExtractorContainsPropertyGroup">
                                        <searchString>1</searchString>
                                    </extractorProperties>
                                </extractorInfo>
                                <processorInfo ruleType="assert">
                                    <ruleProperties type="com.fnfr.svt.execution.builtin.processors.AssertionPropertyGroup">
                                        <expression>$value == 1</expression>
                                        <actionsWhenTrue>
                                            <item actionId="Eval">
                                                <actionProperties type="com.fnfr.svt.execution.builtin.actions.EvalActionPropertyGroup">
                                                    <statement>set retval 1</statement>
                                                </actionProperties>
                                            </item>
                                        </actionsWhenTrue>
                                    </ruleProperties>
                                </processorInfo>
                            </item>
                        </analysisRules>
                    </postProcessing>
                    <applicationProperties type="com.fnfr.svt.editors.terminal.documents.StepDefaultProperties"/>
                    <useFieldsInCommand>false</useFieldsInCommand>
                </item>
                <item guid="f2a6ae61-4cdd-405c-be53-d560baf1b8d5" action="setMode" session="$session">
                    <command>
                        <body>-card_port_num $card_port_num -mode ptm</body>
                    </command>
                    <postProcessing>
                        <analysisRules>
                            <item>
                                <extractorInfo extractorType="contains">
                                    <extractorProperties type="com.fnfr.svt.mapping.execution.extractors.ExtractorContainsPropertyGroup">
                                        <searchString>1</searchString>
                                    </extractorProperties>
                                </extractorInfo>
                                <processorInfo ruleType="assert">
                                    <ruleProperties type="com.fnfr.svt.execution.builtin.processors.AssertionPropertyGroup">
                                        <expression>$value == 1</expression>
                                        <actionsWhenTrue>
                                            <item actionId="Eval">
                                                <actionProperties type="com.fnfr.svt.execution.builtin.actions.EvalActionPropertyGroup">
                                                    <statement>set retval 1</statement>
                                                </actionProperties>
                                            </item>
                                        </actionsWhenTrue>
                                    </ruleProperties>
                                </processorInfo>
                            </item>
                        </analysisRules>
                    </postProcessing>
                    <applicationProperties type="com.fnfr.svt.editors.terminal.documents.StepDefaultProperties"/>
                    <useFieldsInCommand>false</useFieldsInCommand>
                </item>
                <item guid="91d29b12-19bb-46b6-b6f0-4d21aeded894" action="setProfileAdsl_base" session="$session">
                    <command>
                        <body>^^^</body>
                    </command>
                    <postProcessing>
                        <analysisRules>
                            <item>
                                <extractorInfo extractorType="contains">
                                    <extractorProperties type="com.fnfr.svt.mapping.execution.extractors.ExtractorContainsPropertyGroup">
                                        <searchString>1</searchString>
                                    </extractorProperties>
                                </extractorInfo>
                                <processorInfo ruleType="assert">
                                    <ruleProperties type="com.fnfr.svt.execution.builtin.processors.AssertionPropertyGroup">
                                        <expression>$value == 1</expression>
                                        <actionsWhenTrue>
                                            <item actionId="Eval">
                                                <actionProperties type="com.fnfr.svt.execution.builtin.actions.EvalActionPropertyGroup">
                                                    <statement>set retval 1</statement>
                                                </actionProperties>
                                            </item>
                                        </actionsWhenTrue>
                                    </ruleProperties>
                                </processorInfo>
                            </item>
                        </analysisRules>
                    </postProcessing>
                    <applicationProperties type="com.fnfr.svt.editors.terminal.documents.StepDefaultProperties"/>
                    <useFieldsInCommand>false</useFieldsInCommand>
                </item>
                <item guid="57863a74-b5f7-478b-a58a-233f8893b440" action="setCrossConnect" session="$session">
                    <command>
                        <body>-card_port_num $card_port_num -protocol pppoe</body>
                    </command>
                    <postProcessing>
                        <analysisRules>
                            <item>
                                <extractorInfo extractorType="contains">
                                    <extractorProperties type="com.fnfr.svt.mapping.execution.extractors.ExtractorContainsPropertyGroup">
                                        <searchString>1</searchString>
                                    </extractorProperties>
                                </extractorInfo>
                                <processorInfo ruleType="assert">
                                    <ruleProperties type="com.fnfr.svt.execution.builtin.processors.AssertionPropertyGroup">
                                        <expression>$value == 1</expression>
                                        <actionsWhenTrue>
                                            <item actionId="Eval">
                                                <actionProperties type="com.fnfr.svt.execution.builtin.actions.EvalActionPropertyGroup">
                                                    <statement>set retval 1</statement>
                                                </actionProperties>
                                            </item>
                                        </actionsWhenTrue>
                                    </ruleProperties>
                                </processorInfo>
                            </item>
                        </analysisRules>
                    </postProcessing>
                    <applicationProperties type="com.fnfr.svt.editors.terminal.documents.StepDefaultProperties"/>
                    <useFieldsInCommand>false</useFieldsInCommand>
                </item>
                <item guid="f0137547-b093-4d72-82a9-2444b313e519" action="return">
                    <command>
                        <body>$retval</body>
                    </command>
                    <applicationProperties type="com.fnfr.svt.documents.EmptyPropertyGroup"/>
                </item>
            </steps>
            <arguments>
                <item name="card_port_num">
                    <isMandatory>true</isMandatory>
                </item>
                <item name="session">
                    <isMandatory>true</isMandatory>
                </item>
            </arguments>
        </item>
