        <item name="setprofile_***">
            <steps>
                <item guid="ee2ccc5d-6c5b-47e1-a705-44b8530033f8" action="eval">
                    <command>
                        <body>set retval 0</body>
                    </command>
                    <applicationProperties type="com.fnfr.svt.documents.EmptyPropertyGroup"/>
                    <useFieldsInCommand>false</useFieldsInCommand>
                </item>
                <item guid="43f9b9b0-adca-43ec-9548-4573d2c9f8d3" action="unbondPorts" session="$session">
                    <command>
                        <body>-card_port_num $card_port_num</body>
                    </command>
                    <postProcessing>
                        <analysisRules>
                            <item>
                                <extractorInfo extractorType="contains">
                                    <extractorProperties type="com.fnfr.svt.mapping.execution.extractors.ExtractorContainsPropertyGroup">
                                        <searchString>1</searchString>
                                    </extractorProperties>
                                </extractorInfo>
                                <processorInfo ruleType="assert">
                                    <ruleProperties type="com.fnfr.svt.execution.builtin.processors.AssertionPropertyGroup">
                                        <expression>$value == 1</expression>
                                        <actionsWhenTrue>
                                            <item actionId="Eval">
                                                <actionProperties type="com.fnfr.svt.execution.builtin.actions.EvalActionPropertyGroup">
                                                    <statement>set retval 1</statement>
                                                </actionProperties>
                                            </item>
                                        </actionsWhenTrue>
                                    </ruleProperties>
                                </processorInfo>
                            </item>
                        </analysisRules>
                    </postProcessing>
                    <applicationProperties type="com.fnfr.svt.editors.terminal.documents.StepDefaultProperties"/>
                    <useFieldsInCommand>false</useFieldsInCommand>
                </item>
                <item guid="1712f1b1-185f-4dad-b6af-a0ff9ec10226" action="removeCrossConnect" session="$session">
                    <command>
                        <body>-card_port_num $card_port_num</body>
                    </command>
                    <postProcessing>
                        <analysisRules>
                            <item>
                                <extractorInfo extractorType="contains">
                                    <extractorProperties type="com.fnfr.svt.mapping.execution.extractors.ExtractorContainsPropertyGroup">
                                        <searchString>1</searchString>
                                    </extractorProperties>
                                </extractorInfo>
                                <processorInfo ruleType="assert">
                                    <ruleProperties type="com.fnfr.svt.execution.builtin.processors.AssertionPropertyGroup">
                                        <expression>$value == 1</expression>
                                        <actionsWhenTrue>
                                            <item actionId="Eval">
                                                <actionProperties type="com.fnfr.svt.execution.builtin.actions.EvalActionPropertyGroup">
                                                    <statement>set retval 1</statement>
                                                </actionProperties>
                                            </item>
                                        </actionsWhenTrue>
                                    </ruleProperties>
                                </processorInfo>
                            </item>
                        </analysisRules>
                    </postProcessing>
                    <applicationProperties type="com.fnfr.svt.editors.terminal.documents.StepDefaultProperties"/>
                    <useFieldsInCommand>false</useFieldsInCommand>
                </item>
                <item guid="7f7a33d3-ac5b-4fc8-9b08-baff790341f5" action="setMode" session="$session">
                    <command>
                        <body>-card_port_num $card_port_num -mode ptm</body>
                    </command>
                    <postProcessing>
                        <analysisRules>
                            <item>
                                <extractorInfo extractorType="contains">
                                    <extractorProperties type="com.fnfr.svt.mapping.execution.extractors.ExtractorContainsPropertyGroup">
                                        <searchString>1</searchString>
                                    </extractorProperties>
                                </extractorInfo>
                                <processorInfo ruleType="assert">
                                    <ruleProperties type="com.fnfr.svt.execution.builtin.processors.AssertionPropertyGroup">
                                        <expression>$value == 1</expression>
                                        <actionsWhenTrue>
                                            <item actionId="Eval">
                                                <actionProperties type="com.fnfr.svt.execution.builtin.actions.EvalActionPropertyGroup">
                                                    <statement>set retval 1</statement>
                                                </actionProperties>
                                            </item>
                                        </actionsWhenTrue>
                                    </ruleProperties>
                                </processorInfo>
                            </item>
                        </analysisRules>
                    </postProcessing>
                    <applicationProperties type="com.fnfr.svt.editors.terminal.documents.StepDefaultProperties"/>
                    <useFieldsInCommand>false</useFieldsInCommand>
                </item>
                <item guid="2298a578-6a0f-4cd3-a0b2-19bf3836a29d" action="setProfileVdsl_base" session="$session">
                    <command>
                        <body>^^^</body>
                    </command>
                    <postProcessing>
                        <analysisRules>
                            <item>
                                <extractorInfo extractorType="contains">
                                    <extractorProperties type="com.fnfr.svt.mapping.execution.extractors.ExtractorContainsPropertyGroup">
                                        <searchString>1</searchString>
                                    </extractorProperties>
                                </extractorInfo>
                                <processorInfo ruleType="assert">
                                    <ruleProperties type="com.fnfr.svt.execution.builtin.processors.AssertionPropertyGroup">
                                        <expression>$value == 1</expression>
                                        <actionsWhenTrue>
                                            <item actionId="Eval">
                                                <actionProperties type="com.fnfr.svt.execution.builtin.actions.EvalActionPropertyGroup">
                                                    <statement>set retval 1</statement>
                                                </actionProperties>
                                            </item>
                                        </actionsWhenTrue>
                                    </ruleProperties>
                                </processorInfo>
                            </item>
                        </analysisRules>
                    </postProcessing>
                    <applicationProperties type="com.fnfr.svt.editors.terminal.documents.StepDefaultProperties"/>
                    <useFieldsInCommand>false</useFieldsInCommand>
                </item>
                <item guid="e4df0ab6-b2ff-498b-8d93-f9ecf2d4d250" action="setCrossConnect" session="$session">
                    <command>
                        <body>-card_port_num $card_port_num -protocol pppoe</body>
                    </command>
                    <postProcessing>
                        <analysisRules>
                            <item>
                                <extractorInfo extractorType="contains">
                                    <extractorProperties type="com.fnfr.svt.mapping.execution.extractors.ExtractorContainsPropertyGroup">
                                        <searchString>1</searchString>
                                    </extractorProperties>
                                </extractorInfo>
                                <processorInfo ruleType="assert">
                                    <ruleProperties type="com.fnfr.svt.execution.builtin.processors.AssertionPropertyGroup">
                                        <expression>$value == 1</expression>
                                        <actionsWhenTrue>
                                            <item actionId="Eval">
                                                <actionProperties type="com.fnfr.svt.execution.builtin.actions.EvalActionPropertyGroup">
                                                    <statement>set retval 1</statement>
                                                </actionProperties>
                                            </item>
                                        </actionsWhenTrue>
                                    </ruleProperties>
                                </processorInfo>
                            </item>
                        </analysisRules>
                    </postProcessing>
                    <applicationProperties type="com.fnfr.svt.editors.terminal.documents.StepDefaultProperties"/>
                    <useFieldsInCommand>false</useFieldsInCommand>
                </item>
                <item guid="fb1eeeb8-01e4-40bf-ab89-2f546e679c0c" action="return">
                    <command>
                        <body>$retval</body>
                    </command>
                    <applicationProperties type="com.fnfr.svt.documents.EmptyPropertyGroup"/>
                </item>
            </steps>
            <arguments>
                <item name="card_port_num">
                    <isMandatory>true</isMandatory>
                </item>
                <item name="session">
                    <isMandatory>true</isMandatory>
                </item>
            </arguments>
        </item>
