    <set num="1" type="EANALOG" side="Subscriber">
        <active>true</active>
        <set-association>
            <from>1</from>
            <to>3</to>
            <total>3</total>
            <configuration>ALL_ORIGINATE</configuration>
            <path-confirmation>Default</path-confirmation>
            <links>External</links>
            <toggle>false</toggle>
        </set-association>
        <set-call-timing>
            <start-time>0</start-time>
            <start-to-start>1</start-to-start>
            <call-length>60</call-length>
            <inter-call>10</inter-call>
            <call-to-call>70</call-to-call>
            <call-load-profile>Call schedule (per channel)</call-load-profile>
        </set-call-timing>
        <set-scripts>
            <script-originate>Call Forward No Answer</script-originate>
            <script-terminate/>
            <script-embedded/>
            <script-supplementary/>
        </set-scripts>
        <set-protocols>
            <fax-protocol>None</fax-protocol>
            <modem-protocol>None</modem-protocol>
            <rtp-protocol>Default</rtp-protocol>
            <voip-protocol>Default</voip-protocol>
        </set-protocols>
        <set-endpoints>
            <dhcp>false</dhcp>
            <ca-certificate/>
            <client-certificate/>
            <endpoints>Per set</endpoints>
        </set-endpoints>
    </set>