<FlowFilters version="1.1">
  <Flow name="FlowFilter0" port_id="1" type="Other" protocol="eth:ethertype:ip:udp:vxlan:eth:ethertype:data" protocol_offset="">
    <PacketFilter>
      <field name="eth.dst" offset="0" value="001294000001" />
      <field name="eth.src" offset="6" value="001194000001" />
      <field name="eth.type" offset="12" value="0800" />
      <field name="ip.dsfield.dscp" offset="15" value="c0" />
      <field name="ip.proto" offset="23" value="11" />
      <field name="ip.src" offset="26" value="10.0.0.1" />
      <field name="ip.dst" offset="30" value="10.0.0.2" />
      <field name="udp.srcport" offset="34" value="0400" />
      <field name="udp.dstport" offset="36" value="12b5" />
      <field name="eth.dst" offset="50" value="000000000000" />
      <field name="eth.src" offset="56" value="000000000000" />
      <field name="eth.type" offset="62" value="0000" />
    </PacketFilter>
  </Flow>
  <Flow name="FlowFilter1" port_id="1" type="Other" protocol="eth:ethertype:ip:udp:vxlan:eth:ethertype:data" protocol_offset="">
    <PacketFilter>
      <field name="eth.dst" offset="0" value="001294000002" />
      <field name="eth.src" offset="6" value="001194000001" />
      <field name="eth.type" offset="12" value="0800" />
      <field name="ip.dsfield.dscp" offset="15" value="c0" />
      <field name="ip.proto" offset="23" value="11" />
      <field name="ip.src" offset="26" value="10.0.0.1" />
      <field name="ip.dst" offset="30" value="10.0.0.3" />
      <field name="udp.srcport" offset="34" value="0400" />
      <field name="udp.dstport" offset="36" value="12b5" />
      <field name="eth.dst" offset="50" value="000000000000" />
      <field name="eth.src" offset="56" value="000000000000" />
      <field name="eth.type" offset="62" value="0000" />
    </PacketFilter>
  </Flow>
  <Flow name="FlowFilter2" port_id="1" type="Other" protocol="eth:ethertype:ip:udp:vxlan:eth:ethertype:data" protocol_offset="">
    <PacketFilter>
      <field name="eth.dst" offset="0" value="001294000003" />
      <field name="eth.src" offset="6" value="001194000001" />
      <field name="eth.type" offset="12" value="0800" />
      <field name="ip.dsfield.dscp" offset="15" value="c0" />
      <field name="ip.proto" offset="23" value="11" />
      <field name="ip.src" offset="26" value="10.0.0.1" />
      <field name="ip.dst" offset="30" value="10.0.0.4" />
      <field name="udp.srcport" offset="34" value="0400" />
      <field name="udp.dstport" offset="36" value="12b5" />
      <field name="eth.dst" offset="50" value="000000000000" />
      <field name="eth.src" offset="56" value="000000000000" />
      <field name="eth.type" offset="62" value="0000" />
    </PacketFilter>
  </Flow>
  <Flow name="FlowFilter3" port_id="1" type="Other" protocol="eth:ethertype:ip:udp:vxlan:eth:ethertype:data" protocol_offset="">
    <PacketFilter>
      <field name="eth.dst" offset="0" value="001294000004" />
      <field name="eth.src" offset="6" value="001194000001" />
      <field name="eth.type" offset="12" value="0800" />
      <field name="ip.dsfield.dscp" offset="15" value="c0" />
      <field name="ip.proto" offset="23" value="11" />
      <field name="ip.src" offset="26" value="10.0.0.1" />
      <field name="ip.dst" offset="30" value="10.0.0.5" />
      <field name="udp.srcport" offset="34" value="0400" />
      <field name="udp.dstport" offset="36" value="12b5" />
      <field name="eth.dst" offset="50" value="000000000000" />
      <field name="eth.src" offset="56" value="000000000000" />
      <field name="eth.type" offset="62" value="0000" />
    </PacketFilter>
  </Flow>
  <Flow name="FlowFilter4" port_id="1" type="Other" protocol="eth:ethertype:ip:udp:vxlan:eth:ethertype:data" protocol_offset="">
    <PacketFilter>
      <field name="eth.dst" offset="0" value="001294000005" />
      <field name="eth.src" offset="6" value="001194000001" />
      <field name="eth.type" offset="12" value="0800" />
      <field name="ip.dsfield.dscp" offset="15" value="c0" />
      <field name="ip.proto" offset="23" value="11" />
      <field name="ip.src" offset="26" value="10.0.0.1" />
      <field name="ip.dst" offset="30" value="10.0.0.6" />
      <field name="udp.srcport" offset="34" value="0400" />
      <field name="udp.dstport" offset="36" value="12b5" />
      <field name="eth.dst" offset="50" value="000000000000" />
      <field name="eth.src" offset="56" value="000000000000" />
      <field name="eth.type" offset="62" value="0000" />
    </PacketFilter>
  </Flow>
  <Flow name="FlowFilter5" port_id="1" type="Other" protocol="eth:ethertype:ip:udp:vxlan:eth:ethertype:data" protocol_offset="">
    <PacketFilter>
      <field name="eth.dst" offset="0" value="001294000006" />
      <field name="eth.src" offset="6" value="001194000001" />
      <field name="eth.type" offset="12" value="0800" />
      <field name="ip.dsfield.dscp" offset="15" value="c0" />
      <field name="ip.proto" offset="23" value="11" />
      <field name="ip.src" offset="26" value="10.0.0.1" />
      <field name="ip.dst" offset="30" value="10.0.0.7" />
      <field name="udp.srcport" offset="34" value="0400" />
      <field name="udp.dstport" offset="36" value="12b5" />
      <field name="eth.dst" offset="50" value="000000000000" />
      <field name="eth.src" offset="56" value="000000000000" />
      <field name="eth.type" offset="62" value="0000" />
    </PacketFilter>
  </Flow>
  <Flow name="FlowFilter6" port_id="1" type="Other" protocol="eth:ethertype:ip:udp:vxlan:eth:ethertype:data" protocol_offset="">
    <PacketFilter>
      <field name="eth.dst" offset="0" value="001294000007" />
      <field name="eth.src" offset="6" value="001194000001" />
      <field name="eth.type" offset="12" value="0800" />
      <field name="ip.dsfield.dscp" offset="15" value="c0" />
      <field name="ip.proto" offset="23" value="11" />
      <field name="ip.src" offset="26" value="10.0.0.1" />
      <field name="ip.dst" offset="30" value="10.0.0.8" />
      <field name="udp.srcport" offset="34" value="0400" />
      <field name="udp.dstport" offset="36" value="12b5" />
      <field name="eth.dst" offset="50" value="000000000000" />
      <field name="eth.src" offset="56" value="000000000000" />
      <field name="eth.type" offset="62" value="0000" />
    </PacketFilter>
  </Flow>
</FlowFilters>