        <item name="setprofile_***">
            <steps>
                <item guid="275459ba-5620-4453-93ae-7e700a0cacf0" action="eval">
                    <command>
                        <body>set retval 0</body>
                    </command>
                    <applicationProperties type="com.fnfr.svt.documents.EmptyPropertyGroup"/>
                    <useFieldsInCommand>false</useFieldsInCommand>
                </item>
                <item guid="46339003-5fce-4c98-8fa1-46ea77be1f23" action="unbondPorts" session="$session">
                    <command>
                        <body>-card_port_num $card_port_num</body>
                    </command>
                    <postProcessing>
                        <analysisRules>
                            <item>
                                <extractorInfo extractorType="contains">
                                    <extractorProperties type="com.fnfr.svt.mapping.execution.extractors.ExtractorContainsPropertyGroup">
                                        <searchString>1</searchString>
                                    </extractorProperties>
                                </extractorInfo>
                                <processorInfo ruleType="assert">
                                    <ruleProperties type="com.fnfr.svt.execution.builtin.processors.AssertionPropertyGroup">
                                        <expression>$value == 1</expression>
                                        <actionsWhenTrue>
                                            <item actionId="Eval">
                                                <actionProperties type="com.fnfr.svt.execution.builtin.actions.EvalActionPropertyGroup">
                                                    <statement>set retval 1</statement>
                                                </actionProperties>
                                            </item>
                                        </actionsWhenTrue>
                                    </ruleProperties>
                                </processorInfo>
                            </item>
                        </analysisRules>
                    </postProcessing>
                    <applicationProperties type="com.fnfr.svt.editors.terminal.documents.StepDefaultProperties"/>
                    <useFieldsInCommand>false</useFieldsInCommand>
                </item>
                <item guid="060cf3c7-0814-49db-b2f8-544dab635a07" action="removeCrossConnect" session="$session">
                    <command>
                        <body>-card_port_num $card_port_num</body>
                    </command>
                    <postProcessing>
                        <analysisRules>
                            <item>
                                <extractorInfo extractorType="contains">
                                    <extractorProperties type="com.fnfr.svt.mapping.execution.extractors.ExtractorContainsPropertyGroup">
                                        <searchString>1</searchString>
                                    </extractorProperties>
                                </extractorInfo>
                                <processorInfo ruleType="assert">
                                    <ruleProperties type="com.fnfr.svt.execution.builtin.processors.AssertionPropertyGroup">
                                        <expression>$value == 1</expression>
                                        <actionsWhenTrue>
                                            <item actionId="Eval">
                                                <actionProperties type="com.fnfr.svt.execution.builtin.actions.EvalActionPropertyGroup">
                                                    <statement>set retval 1</statement>
                                                </actionProperties>
                                            </item>
                                        </actionsWhenTrue>
                                    </ruleProperties>
                                </processorInfo>
                            </item>
                        </analysisRules>
                    </postProcessing>
                    <applicationProperties type="com.fnfr.svt.editors.terminal.documents.StepDefaultProperties"/>
                    <useFieldsInCommand>false</useFieldsInCommand>
                </item>
                <item guid="d8bd808a-d210-424a-a014-064facd45101" action="setMode" session="$session">
                    <command>
                        <body>-card_port_num $card_port_num -mode ptm</body>
                    </command>
                    <postProcessing>
                        <analysisRules>
                            <item>
                                <extractorInfo extractorType="contains">
                                    <extractorProperties type="com.fnfr.svt.mapping.execution.extractors.ExtractorContainsPropertyGroup">
                                        <searchString>1</searchString>
                                    </extractorProperties>
                                </extractorInfo>
                                <processorInfo ruleType="assert">
                                    <ruleProperties type="com.fnfr.svt.execution.builtin.processors.AssertionPropertyGroup">
                                        <expression>$value == 1</expression>
                                        <actionsWhenTrue>
                                            <item actionId="Eval">
                                                <actionProperties type="com.fnfr.svt.execution.builtin.actions.EvalActionPropertyGroup">
                                                    <statement>set retval 1</statement>
                                                </actionProperties>
                                            </item>
                                        </actionsWhenTrue>
                                    </ruleProperties>
                                </processorInfo>
                            </item>
                        </analysisRules>
                    </postProcessing>
                    <applicationProperties type="com.fnfr.svt.editors.terminal.documents.StepDefaultProperties"/>
                    <useFieldsInCommand>false</useFieldsInCommand>
                </item>
                <item guid="2f936412-83e5-45dd-9882-4e2523289a07" action="command" session="$session">
                    <command>
                        <body>apply dsl-template ^^^ to-dsl-port $card_port_num</body>
                    </command>
                    <postProcessing>
                        <analysisRules>
                            <item>
                                <extractorInfo extractorType="contains">
                                    <extractorProperties type="com.fnfr.svt.mapping.execution.extractors.ExtractorContainsPropertyGroup">
                                        <searchString>1</searchString>
                                    </extractorProperties>
                                </extractorInfo>
                                <processorInfo ruleType="assert">
                                    <ruleProperties type="com.fnfr.svt.execution.builtin.processors.AssertionPropertyGroup">
                                        <expression>$value == 1</expression>
                                        <actionsWhenTrue>
                                            <item actionId="Eval">
                                                <actionProperties type="com.fnfr.svt.execution.builtin.actions.EvalActionPropertyGroup">
                                                    <statement>set retval 1</statement>
                                                </actionProperties>
                                            </item>
                                        </actionsWhenTrue>
                                    </ruleProperties>
                                </processorInfo>
                            </item>
                        </analysisRules>
                    </postProcessing>
                    <applicationProperties type="com.fnfr.svt.editors.terminal.documents.StepDefaultProperties"/>
                </item>
                <item guid="7877f73b-d55b-4a26-b96f-b27bc42066c7" action="setCrossConnect" session="$session">
                    <command>
                        <body>-card_port_num $card_port_num -protocol pppoe</body>
                    </command>
                    <postProcessing>
                        <analysisRules>
                            <item>
                                <extractorInfo extractorType="contains">
                                    <extractorProperties type="com.fnfr.svt.mapping.execution.extractors.ExtractorContainsPropertyGroup">
                                        <searchString>1</searchString>
                                    </extractorProperties>
                                </extractorInfo>
                                <processorInfo ruleType="assert">
                                    <ruleProperties type="com.fnfr.svt.execution.builtin.processors.AssertionPropertyGroup">
                                        <expression>$value == 1</expression>
                                        <actionsWhenTrue>
                                            <item actionId="Eval">
                                                <actionProperties type="com.fnfr.svt.execution.builtin.actions.EvalActionPropertyGroup">
                                                    <statement>set retval 1</statement>
                                                </actionProperties>
                                            </item>
                                        </actionsWhenTrue>
                                    </ruleProperties>
                                </processorInfo>
                            </item>
                        </analysisRules>
                    </postProcessing>
                    <applicationProperties type="com.fnfr.svt.editors.terminal.documents.StepDefaultProperties"/>
                    <useFieldsInCommand>false</useFieldsInCommand>
                </item>
                <item guid="bfe40ae3-9ad9-466e-863a-bc3fb55dc339" action="return">
                    <command>
                        <body>$retval</body>
                    </command>
                    <applicationProperties type="com.fnfr.svt.documents.EmptyPropertyGroup"/>
                </item>
            </steps>
            <arguments>
                <item name="card_port_num">
                    <isMandatory>true</isMandatory>
                </item>
                <item name="session">
                    <isMandatory>true</isMandatory>
                </item>
            </arguments>
        </item>
