<frame>
  <config>
    <pdus>
      <pdu name="ipv6_$streamblockIndex" pdu="ipv6:IPv6"><ttl>255</ttl><sourceAddr>$sourceAddr</sourceAddr><destAddr>$destAddr</destAddr><prefixLength>24</prefixLength><destPrefixLength>24</destPrefixLength><gateway>$gateway</gateway><tosDiffserv name="anon_1_$streamblockIndex"><tos name="anon_2_$streamblockIndex"><precedence>6</precedence><dBit>0</dBit><tBit>0</tBit><rBit>0</rBit><mBit>0</mBit><reserved>0</reserved></tos></tosDiffserv></pdu>
      <pdu name="tcp_$streamblockIndex" pdu="tcp:Tcp"><sourcePort>$sourcePort</sourcePort><destPort>$destPort</destPort></pdu>
      <pdu name="udp_$streamblockIndex" pdu="udp:Udp"><sourcePort>$sourcePort</sourcePort><destPort>$destPort</destPort></pdu>
    </pdus>
  </config>
</frame>
